{
  "color": "yellow",
  "shape": "triangle",
  "flag": 1,
  "i": 11,
  "u": 0.632170,
  "v": 0.988721,
  "w": 0.436498,
  "x": 5.798188
}
{
  "color": "red",
  "shape": "square",
  "flag": 1,
  "i": 15,
  "u": 0.219668,
  "v": 0.001257,
  "w": 0.792778,
  "x": 2.944117
}
{
  "color": "red",
  "shape": "circle",
  "flag": 1,
  "i": 16,
  "u": 0.209017,
  "v": 0.290052,
  "w": 0.138103,
  "x": 5.065034
}
{
  "color": "red",
  "shape": "square",
  "flag": 0,
  "i": 48,
  "u": 0.956274,
  "v": 0.746720,
  "w": 0.775542,
  "x": 7.117831
}
{
  "color": "purple",
  "shape": "triangle",
  "flag": 0,
  "i": 51,
  "u": 0.435535,
  "v": 0.859129,
  "w": 0.812290,
  "x": 5.753095
}
{
  "color": "red",
  "shape": "square",
  "flag": 0,
  "i": 64,
  "u": 0.201551,
  "v": 0.953110,
  "w": 0.771991,
  "x": 5.612050
}
{
  "color": "purple",
  "shape": "triangle",
  "flag": 0,
  "i": 65,
  "u": 0.684281,
  "v": 0.582372,
  "w": 0.801405,
  "x": 5.805148
}
{
  "color": "yellow",
  "shape": "circle",
  "flag": 1,
  "i": 73,
  "u": 0.603365,
  "v": 0.423708,
  "w": 0.639785,
  "x": 7.006414
}
{
  "color": "yellow",
  "shape": "circle",
  "flag": 1,
  "i": 87,
  "u": 0.285656,
  "v": 0.833516,
  "w": 0.635058,
  "x": 6.350036
}
{
  "color": "purple",
  "shape": "square",
  "flag": 0,
  "i": 91,
  "u": 0.259926,
  "v": 0.824322,
  "w": 0.723735,
  "x": 6.854221
}
