color,shape,flag,i,u,v,w,x
yellow,triangle,1,56,0.632170,0.988721,0.436498,5.798188
red,square,1,80,0.219668,0.001257,0.792778,2.944117
