{
  "color": "yellow",
  "shape": "triangle",
  "flag": 1,
  "i": 11,
  "u": 0.6321695890307647,
  "v": 0.9887207810889004,
  "w": 0.4364983936735774,
  "x": 5.7981881667050565
}
{
  "color": "red",
  "shape": "square",
  "flag": 1,
  "i": 15,
  "u": 0.21966833570651523,
  "v": 0.001257332190235938,
  "w": 0.7927778364718627,
  "x": 2.944117399716207
}
{
  "color": "red",
  "shape": "circle",
  "flag": 1,
  "i": 16,
  "u": 0.20901671281497636,
  "v": 0.29005231936593445,
  "w": 0.13810280912907674,
  "x": 5.065034003400998
}
{
  "color": "red",
  "shape": "square",
  "flag": 0,
  "i": 48,
  "u": 0.9562743938458542,
  "v": 0.7467203085342884,
  "w": 0.7755423050923582,
  "x": 7.117831369597269
}
{
  "color": "purple",
  "shape": "triangle",
  "flag": 0,
  "i": 51,
  "u": 0.4355354501763202,
  "v": 0.8591292672156728,
  "w": 0.8122903963006748,
  "x": 5.753094629505863
}
{
  "color": "red",
  "shape": "square",
  "flag": 0,
  "i": 64,
  "u": 0.2015510269821953,
  "v": 0.9531098083420033,
  "w": 0.7719912015786777,
  "x": 5.612050466474166
}
{
  "color": "purple",
  "shape": "triangle",
  "flag": 0,
  "i": 65,
  "u": 0.6842806710360729,
  "v": 0.5823723856331258,
  "w": 0.8014053396013747,
  "x": 5.805148213865135
}
{
  "color": "yellow",
  "shape": "circle",
  "flag": 1,
  "i": 73,
  "u": 0.6033649768090676,
  "v": 0.42370791211283076,
  "w": 0.639785141788745,
  "x": 7.006414410739997
}
{
  "color": "yellow",
  "shape": "circle",
  "flag": 1,
  "i": 87,
  "u": 0.2856563669907619,
  "v": 0.8335161523929382,
  "w": 0.6350579406858395,
  "x": 6.350035616385983
}
{
  "color": "purple",
  "shape": "square",
  "flag": 0,
  "i": 91,
  "u": 0.25992639068499135,
  "v": 0.824321938346312,
  "w": 0.7237347131411271,
  "x": 6.854221024776646
}
